id,category,title,content
1,상품정보,전자제품 카테고리 개요,"전자제품은 전체 매출의 35%를 차지하는 최대 카테고리입니다. 주요 상품으로는 스마트폰, 노트북, 태블릿, 무선 이어폰, 스마트워치가 있습니다. 평균 객단가는 45,000원이며, 재구매율은 28%입니다."
2,상품정보,의류 카테고리 개요,"의류는 전체 매출의 25%를 차지합니다. 시즌별 트렌드에 민감하며, 봄/가을 시즌에 매출이 집중됩니다. 주요 상품은 캐주얼 상의, 아우터, 데님입니다. 반품률이 12%로 전 카테고리 중 가장 높습니다."
3,상품정보,식품 카테고리 개요,"식품은 전체 매출의 20%를 차지합니다. 신선식품과 가공식품으로 나뉘며, 건강식품 서브 카테고리가 빠르게 성장 중입니다. 반복 구매율이 65%로 전 카테고리 중 가장 높아 고객 유지에 핵심 역할을 합니다."
4,상품정보,도서 카테고리 개요,"도서는 전체 매출의 10%를 차지합니다. 자기계발서와 IT 기술서적이 인기이며, 전자책 비중이 점차 증가하고 있습니다. 객단가는 18,000원으로 낮지만 배송비 대비 마진율이 높은 편입니다."
5,상품정보,스포츠 카테고리 개요,"스포츠 용품은 전체 매출의 10%를 차지합니다. 러닝화, 요가 용품, 홈트레이닝 기구가 주요 상품입니다. 계절별 변동이 크며, 1~3월 신년 다이어트 시즌에 매출이 급증합니다."
6,매출분석,2025년 상반기 매출 트렌드,"2025년 상반기(1~6월) 총 매출은 1억 1,300만원입니다. 전년 동기 대비 25.6% 성장했습니다. 특히 4~5월 매출이 크게 증가했는데, 이는 봄 시즌 프로모션과 신규 회원 유입 캠페인의 효과로 분석됩니다."
7,매출분석,2025년 하반기 매출 트렌드,"2025년 하반기(7~12월) 총 매출은 1억 9,200만원으로 상반기 대비 70% 높습니다. 11~12월 연말 쇼핑 시즌이 최대 매출 구간이며, 블랙프라이데이와 크리스마스 프로모션이 핵심 드라이버입니다."
8,매출분석,전년 대비 성장률,"2025년 연간 총 매출은 3억 500만원으로, 2024년 2억 3,700만원 대비 28.7% 성장했습니다. 모든 월에서 전년 대비 양의 성장률을 기록했으며, 특히 7~8월 성장률이 가장 높았습니다(27.3%)."
9,매출분석,월별 매출 최고/최저,"2025년 매출이 가장 높은 달은 12월(3,800만원)이며, 가장 낮은 달은 1월(1,200만원)입니다. 연말로 갈수록 매출이 증가하는 우상향 트렌드를 보이고 있으며, 이는 고객 기반 확대와 계절적 수요 증가가 복합적으로 작용한 결과입니다."
10,방문자분석,주간 방문자 패턴,"주간 방문자 데이터에 따르면, 금요일(1,290명)부터 일요일(1,320명)까지 주말에 방문자 수가 급증합니다. 월~목 평균 방문자는 897명인 반면, 금~일 평균은 1,313명으로 약 46% 더 높습니다."
11,방문자분석,방문자 전환율 분석,"전체 전환율은 3.8%이며, 이는 이커머스 업계 평균(2.5~3.0%)을 상회하는 수치입니다. 모바일 전환율은 2.9%, 데스크톱 전환율은 5.2%입니다. 데스크톱 사용자의 전환율이 높으므로 데스크톱 UX 개선에 집중 투자가 권장됩니다."
12,방문자분석,트래픽 소스별 방문자,"방문자 유입 경로는 검색엔진 42%, SNS 광고 28%, 직접 방문 18%, 이메일 마케팅 8%, 기타 4%입니다. SNS 광고 대비 검색엔진 유입의 전환율이 2배 높아, SEO 투자 확대가 효율적입니다."
13,KPI,총 매출 KPI 설명,"총 매출 3억 2,400만원은 2025년 누적 기준이며, 목표 대비 108%를 달성했습니다. 월 평균 매출은 2,700만원이며, 하반기로 갈수록 월 평균이 증가하는 추세입니다."
14,KPI,주문 건수 KPI 설명,"총 주문 건수 12,847건은 2025년 누적 기준입니다. 월 평균 1,071건이며, 일 평균 약 35건의 주문이 발생합니다. 전년 대비 22% 증가했으며, 특히 재구매 고객 비율이 45%에서 52%로 상승했습니다."
15,KPI,평균 주문 금액 설명,"평균 주문 금액(AOV)은 25,200원입니다. 카테고리별로는 전자제품 45,000원, 의류 32,000원, 식품 18,000원, 도서 15,000원, 스포츠 28,000원입니다. 묶음 할인 프로모션 시 AOV가 평균 35% 상승합니다."
16,KPI,전환율 KPI 설명,"전환율 3.8%는 방문자 대비 구매 완료 비율입니다. 업계 평균(2.5~3.0%)을 상회하며, 특히 장바구니 UX 개선 후 0.5%p 상승했습니다. 목표는 2026년까지 4.5% 달성입니다."
17,프로모션,봄 시즌 프로모션,"매년 3~5월에 진행되는 봄 시즌 프로모션은 의류와 스포츠 카테고리에 집중됩니다. 2025년에는 전체 15% 할인 + 신규 회원 추가 10% 쿠폰을 제공했으며, 기간 중 신규 가입이 전월 대비 180% 증가했습니다."
18,프로모션,블랙프라이데이 프로모션,"11월 마지막 주에 진행되는 블랙프라이데이는 연간 최대 매출 이벤트입니다. 2025년에는 전자제품 최대 40% 할인, 의류 30% 할인을 제공했으며, 이벤트 기간(5일) 매출이 일반 5일 매출의 4.2배를 기록했습니다."
19,프로모션,멤버십 등급 혜택,"멤버십은 브론즈, 실버, 골드, 플래티넘 4단계로 구성됩니다. 브론즈(가입 시): 기본 적립 1%, 실버(누적 50만원): 적립 2% + 무료배송 월 2회, 골드(누적 150만원): 적립 3% + 무료배송 무제한, 플래티넘(누적 300만원): 적립 5% + 무료배송 + 전용 고객센터."
20,배송정책,기본 배송 정책,"기본 배송비는 3,000원이며, 30,000원 이상 구매 시 무료배송입니다. 배송 소요 기간은 서울/수도권 1~2일, 지방 2~3일, 제주/도서산간 3~5일입니다. 당일 오후 2시 이전 결제 건은 당일 출고됩니다."
21,배송정책,반품 및 교환 정책,"상품 수령 후 7일 이내 반품/교환 신청이 가능합니다. 단순 변심의 경우 반품 배송비 5,000원(왕복)이 부과되며, 상품 하자 시 무료 반품됩니다. 식품의 경우 냉장/냉동 상품은 수령 당일에만 반품 가능합니다."
22,배송정책,해외 배송 안내,"해외 배송은 현재 미국, 일본, 중국, 동남아 5개국을 지원합니다. 배송비는 무게 기준으로 책정되며, 기본 15,000원부터 시작합니다. 소요 기간은 일본 3~5일, 미국 7~10일, 동남아 5~7일입니다."
23,고객서비스,고객센터 운영 시간,"고객센터 전화 상담은 평일 09:00~18:00, 점심시간 12:00~13:00입니다. 카카오톡 채팅 상담은 평일 09:00~22:00, 주말 10:00~18:00입니다. 이메일 문의는 24시간 접수 가능하며, 영업일 기준 1일 이내 답변됩니다."
24,고객서비스,자주 묻는 질문 - 결제,"지원하는 결제 수단은 신용카드(국내/해외), 체크카드, 무통장 입금, 카카오페이, 네이버페이, 토스페이입니다. 무이자 할부는 국민/신한/삼성카드 기준 2~6개월 제공되며, 프로모션 기간에는 12개월까지 확대됩니다."
25,고객서비스,자주 묻는 질문 - 회원,"회원 탈퇴 시 적립금과 쿠폰은 즉시 소멸되며 복구가 불가합니다. 재가입은 탈퇴 후 30일 경과 후 가능하며, 이전 구매 이력은 유지되지 않습니다. 개인정보는 전자상거래법에 따라 5년간 보관 후 파기됩니다."
26,고객서비스,자주 묻는 질문 - 포인트,"포인트는 결제 확정 후 7일 뒤에 적립됩니다. 유효기간은 적립일로부터 1년이며, 1포인트 = 1원으로 사용 가능합니다. 최소 사용 단위는 1,000포인트이며, 결제 금액의 최대 30%까지 사용할 수 있습니다."
27,시장분석,이커머스 시장 동향 2025,"2025년 국내 이커머스 시장 규모는 약 230조원으로, 전년 대비 12% 성장했습니다. 모바일 쇼핑 비중이 75%를 넘어섰으며, 라이브 커머스와 숏폼 쇼핑이 새로운 성장 동력으로 부상하고 있습니다."
28,시장분석,경쟁사 대비 포지셔닝,"당사는 중소형 이커머스 플랫폼으로, 차별화 포인트는 빠른 배송(수도권 당일)과 높은 고객 만족도(NPS 72점)입니다. 시장 점유율은 0.8%이며, 2026년까지 1.5% 달성을 목표로 하고 있습니다."
29,시장분석,고객 세그먼트 분석,"주요 고객층은 25~39세 여성(42%), 25~39세 남성(28%), 40~54세 여성(18%), 기타(12%)입니다. MZ세대 타겟 마케팅이 효과적이며, 인스타그램과 유튜브 광고의 ROI가 가장 높습니다."
30,기술인프라,데이터 파이프라인 구조,"주문 데이터는 PostgreSQL에 실시간 저장되며, 매일 새벽 2시에 ETL 배치가 실행되어 분석용 데이터웨어하우스로 적재됩니다. 대시보드는 이 데이터웨어하우스를 기반으로 차트를 렌더링합니다."
31,기술인프라,추천 시스템 개요,"상품 추천은 협업 필터링(Collaborative Filtering)과 컨텐츠 기반 필터링을 하이브리드로 사용합니다. 추천 모델은 주 1회 재학습되며, 추천 클릭률은 평균 8.5%, 추천 경유 구매 전환율은 4.2%입니다."
32,기술인프라,AI 챗봇 시스템 구조,"챗봇은 OpenAI GPT-4o-mini 모델을 기반으로 하며, 대시보드 데이터를 시스템 프롬프트로 제공합니다. 대화 이력은 PostgreSQL에 저장되며, 최근 10건의 대화를 컨텍스트로 활용합니다. 향후 벡터 DB 기반 RAG로 확장 예정입니다."
33,재무분석,2025년 비용 구조,"매출원가율은 62%이며, 마케팅비 15%, 물류비 8%, 인건비 10%, 기타 운영비 5%로 구성됩니다. 영업이익률은 약 8%이며, 마케팅비 효율화를 통해 2026년 10% 달성을 목표로 합니다."
34,재무분석,카테고리별 마진율,"카테고리별 마진율은 전자제품 18%, 의류 42%, 식품 25%, 도서 30%, 스포츠 35%입니다. 의류가 가장 높은 마진율을 보이지만 반품률도 높아 실질 마진은 약 32%입니다. 식품은 마진은 낮지만 재구매율이 높아 LTV 기여도가 큽니다."
35,재무분석,고객 획득 비용(CAC),"신규 고객 1명 획득에 평균 12,000원이 소요됩니다. 채널별로는 검색 광고 8,000원, SNS 광고 15,000원, 인플루언서 마케팅 22,000원입니다. 고객 생애 가치(LTV)는 평균 185,000원으로, LTV/CAC 비율은 15.4배입니다."
36,운영정보,재고 관리 현황,"현재 총 SKU 수는 8,500개이며, 평균 재고 회전율은 월 4.2회입니다. 전자제품과 식품의 재고 회전율이 가장 높고, 도서가 가장 낮습니다. 재고 부족으로 인한 품절률은 2.1%이며, 목표는 1.5% 이하입니다."
37,운영정보,물류 센터 운영,"경기도 이천에 메인 물류센터(3,000평)를 운영하고 있으며, 일 처리 능력은 최대 5,000건입니다. 평균 출고 소요 시간은 4시간이며, 오후 2시 이전 결제 건의 당일 출고율은 98.5%입니다."
38,운영정보,CS 응대 현황,"월 평균 CS 인입 건수는 3,200건이며, 전화 45%, 카카오톡 35%, 이메일 20%입니다. 평균 응대 시간은 전화 3분 20초, 카카오톡 5분, 이메일 4시간입니다. 고객 만족도(CSAT)는 4.2/5.0입니다."
39,마케팅,이메일 마케팅 성과,"월 2회 뉴스레터를 발송하며, 구독자 수는 45,000명입니다. 평균 오픈율 22%, 클릭률 3.8%이며, 이메일 경유 매출 비중은 전체의 8%입니다. 개인화 추천 이메일의 경우 오픈율이 35%로 일반 뉴스레터 대비 59% 높습니다."
40,마케팅,SNS 마케팅 현황,"인스타그램 팔로워 12만, 유튜브 구독자 3.5만, 블로그 월 방문자 8만입니다. 인스타그램 릴스와 유튜브 숏츠를 통한 상품 소개가 가장 높은 전환율을 보이며, 인플루언서 협업을 월 5~8건 진행합니다."
41,마케팅,리타겟팅 광고 성과,"장바구니 이탈 고객 대상 리타겟팅 광고의 전환율은 12.5%로 일반 디스플레이 광고(1.2%) 대비 10배 이상 높습니다. 리타겟팅 광고 예산은 전체 마케팅 예산의 20%이며, ROAS는 850%입니다."
42,트렌드,2025 이커머스 트렌드 - AI 개인화,"AI 기반 초개인화가 이커머스의 핵심 트렌드입니다. 고객 행동 데이터를 실시간 분석하여 맞춤형 상품 추천, 개인화 가격, 맞춤 프로모션을 제공하는 플랫폼이 경쟁 우위를 확보하고 있습니다."
43,트렌드,2025 이커머스 트렌드 - 지속가능성,"친환경 패키징, 탄소 중립 배송, ESG 경영이 소비자 구매 결정에 큰 영향을 미치고 있습니다. MZ세대의 64%가 친환경 인증 상품에 프리미엄을 지불할 의향이 있다고 응답했습니다."
44,트렌드,2025 이커머스 트렌드 - 퀵커머스,"당일 배송을 넘어 1~2시간 이내 배송하는 퀵커머스가 식품과 생필품 카테고리에서 급성장하고 있습니다. 당사도 서울 지역 한정으로 3시간 배송 서비스를 2025년 하반기에 도입할 계획입니다."
45,데이터분석팁,매출 데이터 읽는 법,"월별 매출 차트에서 전년 동월 대비 성장률을 확인하세요. 두 자릿수 성장(10% 이상)이 지속되면 건강한 성장 궤도에 있다는 뜻입니다. 특정 월에 급등/급락이 있다면 프로모션이나 외부 이벤트 영향을 확인해야 합니다."
46,데이터분석팁,카테고리 분포 해석법,"파이 차트에서 특정 카테고리 비중이 40%를 넘으면 해당 카테고리 의존도가 높다는 위험 신호입니다. 건강한 포트폴리오는 상위 카테고리 비중이 20~30% 수준이며, 나머지가 고르게 분포된 상태입니다."
47,데이터분석팁,전환율 개선 방법,"전환율을 높이려면: 1) 상품 페이지 로딩 속도 3초 이내로 개선, 2) 간편 결제 도입(원클릭 결제), 3) 사회적 증거(리뷰, 구매 수) 강화, 4) 장바구니 이탈 시 푸시 알림 발송, 5) A/B 테스트로 CTA 버튼 최적화가 효과적입니다."
48,데이터분석팁,KPI 대시보드 활용 가이드,"KPI 카드는 비즈니스 건강도를 한눈에 보여줍니다. 총 매출은 성장성, 주문 건수는 규모, 평균 주문 금액은 객단가 수준, 전환율은 마케팅 효율성을 나타냅니다. 네 지표가 모두 전월 대비 상승하면 매우 긍정적인 시그널입니다."
49,인사이트,전자제품 매출 인사이트,"전자제품 카테고리에서 무선 이어폰이 단일 상품 기준 매출 1위입니다. 평균 가격 35,000원 대에 재구매 주기가 6개월로, 소모품 성격의 전자제품이 안정적 매출원으로 작동하고 있습니다."
50,인사이트,계절별 매출 패턴,"연간 매출 패턴은 크게 4단계로 나뉩니다: 1) 1~2월 비수기(연초 소비 위축), 2) 3~5월 봄 시즌(의류/스포츠 강세), 3) 7~9월 여름/추석 시즌(식품/전자제품 강세), 4) 10~12월 연말 시즌(전 카테고리 호조). 이 패턴을 활용해 재고와 마케팅 예산을 사전 배분해야 합니다."
